VariationID,Name,Gene,Position,rsID,Allele.Frequency,Clinical.Significance,Protein.Consequence,Nucleotide.Consequence,Review.Criteria,Pubmed_ID
21507,NM_014043.4(CHMP2B):c.85A>G (p.Ile29Val),CHMP2B,87240749,rs63750818,1.6627633003375055e-4,Uncertain significance,p.Ile29Val,c.85A>G,** ,"rs63750818:16431024, 16807408, 16941655, 20301378, 20352044, 28430856"
346806,NM_014043.4(CHMP2B):c.218C>T (p.Thr73Met),CHMP2B,87245805,rs192188850,3.542255566654623e-5,Uncertain significance,p.Thr73Met,c.218C>T,* ,rs192188850:
35472,NM_014043.4(CHMP2B):c.311C>A (p.Thr104Asn),CHMP2B,87245898,rs281864934,3.186540054808489e-5,Uncertain significance,p.Thr104Asn,c.311C>A,none ,"rs281864934:20301378, 20352044"
581214,NM_014043.4(CHMP2B):c.581C>T (p.Ser194Leu),CHMP2B,87253761,rs149380040,5.323755306009455e-5,Uncertain significance,p.Ser194Leu,c.581C>T,** ,rs149380040:
1654,NM_014043.4(CHMP2B):c.618A>C (p.Gln206His),CHMP2B,87253798,rs63751126,3.9916016700861385e-6,Pathogenic,p.Gln206His,c.618A>C,none ,"rs63751126:16807408, 20301378, 20352044"
1654,NM_014043.4(CHMP2B):c.618A>C (p.Gln206His),CHMP2B,87253798,rs63751126,7.983203340172277e-6,Pathogenic,p.Gln206His,c.618A>C,none ,"rs63751126:16807408, 20301378, 20352044"
